{"cameraMode":{"drawMode":0,"name":"Shaded","section":"Shading Mode"},"sceneLighting":true,"audioPlay":false,"sceneViewState":{"m_AlwaysRefresh":false,"showFog":true,"showSkybox":true,"showFlares":true,"showImageEffects":true,"showParticleSystems":true,"showVisualEffectGraphs":true,"m_FxEnabled":true},"in2DMode":false,"pivot":{"x":-65.01073455810547,"y":4.5304412841796879,"z":-72.68504333496094},"rotation":{"x":-0.06382875889539719,"y":-0.1390707641839981,"z":-0.008973687887191773,"w":0.9882000088691711},"size":0.8660253882408142,"orthographic":false}